year,detrended_cholera_cases
2000,-2111.1111111111118
2001,-5068.37606837607
2002,4801.975801975801
2003,-5337.21833721834
2004,3572.9825729825698
2005,-3071.2620712620733
2006,7451.99245199245
2007,-4069.819069819072
2008,-2764.0137640137646
2009,1767.898767898766
2010,-1035.742035742037
2011,-4185.037185037188
2012,-4722.7217227217225
2013,-4607.503607503607
2014,-4722.7217227217225
2015,5838.938838938837
2016,5915.750915750914
2017,116.43911643911542
